ID_df1,PARENT_ID_df1,URI_df1,FILE_PATH_df1,NAME,METHOD_df1,STATUS_df1,SIZE_df1,TYPE_df1,EXT_df1,LAST_MODIFIED_df1,EXTENSION_MISMATCH_df1,HASH_df1,FORMAT_COUNT_df1,PUID_df1,MIME_TYPE_df1,FORMAT_NAME_df1,FORMAT_VERSION_df1,ID_df2,PARENT_ID_df2,URI_df2,FILE_PATH_df2,METHOD_df2,STATUS_df2,SIZE_df2,TYPE_df2,EXT_df2,LAST_MODIFIED_df2,EXTENSION_MISMATCH_df2,HASH_df2,FORMAT_COUNT_df2,PUID_df2,MIME_TYPE_df2,FORMAT_NAME_df2,FORMAT_VERSION_df2
1981,1980.0,file:/home/jovyan/work/dca-digitalmaterialcopies/WeingutGantenbein/P_156_2005_Flaesch_Neubau-Erweiterung-Weingut-Gantenbein/CAD/WP_DEF/temp/andi/6a_2006-05-12.pdf,/home/jovyan/work/dca-digitalmaterialcopies/WeingutGantenbein/P_156_2005_Flaesch_Neubau-Erweiterung-Weingut-Gantenbein/CAD/WP_DEF/temp/andi/6a_2006-05-12.pdf,6a_2006-05-12.pdf,Signature,Done,201604.0,File,pdf,2006-05-16T16:00:42,False,,1.0,fmt/17,application/pdf,Acrobat PDF 1.3 - Portable Document Format,1.3,366,355.0,file:/home/jovyan/work/dca-digitalmaterialcopies/WeingutGantenbein/gramazio-kohler-archiv-server/036_WeingutGantenbein/03_Plaene/02_Vorlagen_Bearth%26Deplazes/060512_Plaene/6a_2006-05-12.pdf,/home/jovyan/work/dca-digitalmaterialcopies/WeingutGantenbein/gramazio-kohler-archiv-server/036_WeingutGantenbein/03_Plaene/02_Vorlagen_Bearth&Deplazes/060512_Plaene/6a_2006-05-12.pdf,Signature,Done,247872.0,File,pdf,2006-05-12T15:05:00,False,,1.0,fmt/17,application/pdf,Acrobat PDF 1.3 - Portable Document Format,1.3
2144,2139.0,file:/home/jovyan/work/dca-digitalmaterialcopies/WeingutGantenbein/P_156_2005_Flaesch_Neubau-Erweiterung-Weingut-Gantenbein/CAD/WP_DEF/temp/sichtmauerwerk/Ausgang/6a_2006-02-05.pdf,/home/jovyan/work/dca-digitalmaterialcopies/WeingutGantenbein/P_156_2005_Flaesch_Neubau-Erweiterung-Weingut-Gantenbein/CAD/WP_DEF/temp/sichtmauerwerk/Ausgang/6a_2006-02-05.pdf,6a_2006-02-05.pdf,Signature,Done,205514.0,File,pdf,2006-05-02T12:53:34,False,,1.0,fmt/17,application/pdf,Acrobat PDF 1.3 - Portable Document Format,1.3,399,329.0,file:/home/jovyan/work/dca-digitalmaterialcopies/WeingutGantenbein/gramazio-kohler-archiv-server/036_WeingutGantenbein/03_Plaene/02_Vorlagen_Bearth%26Deplazes/6a_2006-02-05.pdf,/home/jovyan/work/dca-digitalmaterialcopies/WeingutGantenbein/gramazio-kohler-archiv-server/036_WeingutGantenbein/03_Plaene/02_Vorlagen_Bearth&Deplazes/6a_2006-02-05.pdf,Signature,Done,205514.0,File,pdf,2006-05-03T09:14:00,False,,1.0,fmt/17,application/pdf,Acrobat PDF 1.3 - Portable Document Format,1.3
2148,2139.0,file:/home/jovyan/work/dca-digitalmaterialcopies/WeingutGantenbein/P_156_2005_Flaesch_Neubau-Erweiterung-Weingut-Gantenbein/CAD/WP_DEF/temp/sichtmauerwerk/Ausgang/6a_2006-02-05.dxf,/home/jovyan/work/dca-digitalmaterialcopies/WeingutGantenbein/P_156_2005_Flaesch_Neubau-Erweiterung-Weingut-Gantenbein/CAD/WP_DEF/temp/sichtmauerwerk/Ausgang/6a_2006-02-05.dxf,6a_2006-02-05.dxf,Signature,Done,22608243.0,File,dxf,2006-05-02T12:52:29,False,,1.0,fmt/78,image/vnd.dxf,Drawing Interchange File Format (ASCII),2000-2002,398,329.0,file:/home/jovyan/work/dca-digitalmaterialcopies/WeingutGantenbein/gramazio-kohler-archiv-server/036_WeingutGantenbein/03_Plaene/02_Vorlagen_Bearth%26Deplazes/6a_2006-02-05.dxf,/home/jovyan/work/dca-digitalmaterialcopies/WeingutGantenbein/gramazio-kohler-archiv-server/036_WeingutGantenbein/03_Plaene/02_Vorlagen_Bearth&Deplazes/6a_2006-02-05.dxf,Signature,Done,22608243.0,File,dxf,2006-05-02T12:52:30,False,,1.0,fmt/78,image/vnd.dxf,Drawing Interchange File Format (ASCII),2000-2002
2151,2149.0,zip:file:///home/jovyan/work/dca-digitalmaterialcopies/WeingutGantenbein/P_156_2005_Flaesch_Neubau-Erweiterung-Weingut-Gantenbein/CAD/WP_DEF/temp/sichtmauerwerk/Ausgang/6a_2006-02-05.zip!/6a_2006-02-05.dxf,zip:/home/jovyan/work/dca-digitalmaterialcopies/WeingutGantenbein/P_156_2005_Flaesch_Neubau-Erweiterung-Weingut-Gantenbein/CAD/WP_DEF/temp/sichtmauerwerk/Ausgang/6a_2006-02-05.zip!/6a_2006-02-05.dxf,6a_2006-02-05.dxf,Signature,Done,22608243.0,File,dxf,2006-05-02T14:52:30,False,,1.0,fmt/78,image/vnd.dxf,Drawing Interchange File Format (ASCII),2000-2002,398,329.0,file:/home/jovyan/work/dca-digitalmaterialcopies/WeingutGantenbein/gramazio-kohler-archiv-server/036_WeingutGantenbein/03_Plaene/02_Vorlagen_Bearth%26Deplazes/6a_2006-02-05.dxf,/home/jovyan/work/dca-digitalmaterialcopies/WeingutGantenbein/gramazio-kohler-archiv-server/036_WeingutGantenbein/03_Plaene/02_Vorlagen_Bearth&Deplazes/6a_2006-02-05.dxf,Signature,Done,22608243.0,File,dxf,2006-05-02T12:52:30,False,,1.0,fmt/78,image/vnd.dxf,Drawing Interchange File Format (ASCII),2000-2002
2154,2139.0,file:/home/jovyan/work/dca-digitalmaterialcopies/WeingutGantenbein/P_156_2005_Flaesch_Neubau-Erweiterung-Weingut-Gantenbein/CAD/WP_DEF/temp/sichtmauerwerk/Ausgang/6a_2006-05-12.pdf,/home/jovyan/work/dca-digitalmaterialcopies/WeingutGantenbein/P_156_2005_Flaesch_Neubau-Erweiterung-Weingut-Gantenbein/CAD/WP_DEF/temp/sichtmauerwerk/Ausgang/6a_2006-05-12.pdf,6a_2006-05-12.pdf,Signature,Done,247872.0,File,pdf,2006-05-12T12:13:17,False,,1.0,fmt/17,application/pdf,Acrobat PDF 1.3 - Portable Document Format,1.3,366,355.0,file:/home/jovyan/work/dca-digitalmaterialcopies/WeingutGantenbein/gramazio-kohler-archiv-server/036_WeingutGantenbein/03_Plaene/02_Vorlagen_Bearth%26Deplazes/060512_Plaene/6a_2006-05-12.pdf,/home/jovyan/work/dca-digitalmaterialcopies/WeingutGantenbein/gramazio-kohler-archiv-server/036_WeingutGantenbein/03_Plaene/02_Vorlagen_Bearth&Deplazes/060512_Plaene/6a_2006-05-12.pdf,Signature,Done,247872.0,File,pdf,2006-05-12T15:05:00,False,,1.0,fmt/17,application/pdf,Acrobat PDF 1.3 - Portable Document Format,1.3
2155,2139.0,file:/home/jovyan/work/dca-digitalmaterialcopies/WeingutGantenbein/P_156_2005_Flaesch_Neubau-Erweiterung-Weingut-Gantenbein/CAD/WP_DEF/temp/sichtmauerwerk/Ausgang/6a_2006-06-27_varA.pdf,/home/jovyan/work/dca-digitalmaterialcopies/WeingutGantenbein/P_156_2005_Flaesch_Neubau-Erweiterung-Weingut-Gantenbein/CAD/WP_DEF/temp/sichtmauerwerk/Ausgang/6a_2006-06-27_varA.pdf,6a_2006-06-27_varA.pdf,Signature,Done,263952.0,File,pdf,2006-06-27T15:41:06,False,,1.0,fmt/17,application/pdf,Acrobat PDF 1.3 - Portable Document Format,1.3,379,375.0,file:/home/jovyan/work/dca-digitalmaterialcopies/WeingutGantenbein/gramazio-kohler-archiv-server/036_WeingutGantenbein/03_Plaene/02_Vorlagen_Bearth%26Deplazes/060627_Plaene/6a_2006-06-27_varA.pdf,/home/jovyan/work/dca-digitalmaterialcopies/WeingutGantenbein/gramazio-kohler-archiv-server/036_WeingutGantenbein/03_Plaene/02_Vorlagen_Bearth&Deplazes/060627_Plaene/6a_2006-06-27_varA.pdf,Signature,Done,263952.0,File,pdf,2006-06-28T08:43:00,False,,1.0,fmt/17,application/pdf,Acrobat PDF 1.3 - Portable Document Format,1.3
2157,2139.0,file:/home/jovyan/work/dca-digitalmaterialcopies/WeingutGantenbein/P_156_2005_Flaesch_Neubau-Erweiterung-Weingut-Gantenbein/CAD/WP_DEF/temp/sichtmauerwerk/Ausgang/6a_2006-06-27_varB.pdf,/home/jovyan/work/dca-digitalmaterialcopies/WeingutGantenbein/P_156_2005_Flaesch_Neubau-Erweiterung-Weingut-Gantenbein/CAD/WP_DEF/temp/sichtmauerwerk/Ausgang/6a_2006-06-27_varB.pdf,6a_2006-06-27_varB.pdf,Signature,Done,262970.0,File,pdf,2006-06-27T15:41:57,False,,1.0,fmt/17,application/pdf,Acrobat PDF 1.3 - Portable Document Format,1.3,392,375.0,file:/home/jovyan/work/dca-digitalmaterialcopies/WeingutGantenbein/gramazio-kohler-archiv-server/036_WeingutGantenbein/03_Plaene/02_Vorlagen_Bearth%26Deplazes/060627_Plaene/6a_2006-06-27_varB.pdf,/home/jovyan/work/dca-digitalmaterialcopies/WeingutGantenbein/gramazio-kohler-archiv-server/036_WeingutGantenbein/03_Plaene/02_Vorlagen_Bearth&Deplazes/060627_Plaene/6a_2006-06-27_varB.pdf,Signature,Done,262970.0,File,pdf,2006-06-28T08:43:00,False,,1.0,fmt/17,application/pdf,Acrobat PDF 1.3 - Portable Document Format,1.3
2163,2139.0,file:/home/jovyan/work/dca-digitalmaterialcopies/WeingutGantenbein/P_156_2005_Flaesch_Neubau-Erweiterung-Weingut-Gantenbein/CAD/WP_DEF/temp/sichtmauerwerk/Ausgang/6a_osw_2006-06-09.pdf,/home/jovyan/work/dca-digitalmaterialcopies/WeingutGantenbein/P_156_2005_Flaesch_Neubau-Erweiterung-Weingut-Gantenbein/CAD/WP_DEF/temp/sichtmauerwerk/Ausgang/6a_osw_2006-06-09.pdf,6a_osw_2006-06-09.pdf,Signature,Done,200432.0,File,pdf,2006-06-09T12:12:34,False,,1.0,fmt/17,application/pdf,Acrobat PDF 1.3 - Portable Document Format,1.3,371,369.0,file:/home/jovyan/work/dca-digitalmaterialcopies/WeingutGantenbein/gramazio-kohler-archiv-server/036_WeingutGantenbein/03_Plaene/02_Vorlagen_Bearth%26Deplazes/060612_Plaene/6a_osw_2006-06-09.pdf,/home/jovyan/work/dca-digitalmaterialcopies/WeingutGantenbein/gramazio-kohler-archiv-server/036_WeingutGantenbein/03_Plaene/02_Vorlagen_Bearth&Deplazes/060612_Plaene/6a_osw_2006-06-09.pdf,Signature,Done,200432.0,File,pdf,2006-06-12T14:57:00,False,,1.0,fmt/17,application/pdf,Acrobat PDF 1.3 - Portable Document Format,1.3
2165,2139.0,file:/home/jovyan/work/dca-digitalmaterialcopies/WeingutGantenbein/P_156_2005_Flaesch_Neubau-Erweiterung-Weingut-Gantenbein/CAD/WP_DEF/temp/sichtmauerwerk/Ausgang/6a_2006-05-12.zip,/home/jovyan/work/dca-digitalmaterialcopies/WeingutGantenbein/P_156_2005_Flaesch_Neubau-Erweiterung-Weingut-Gantenbein/CAD/WP_DEF/temp/sichtmauerwerk/Ausgang/6a_2006-05-12.zip,6a_2006-05-12.zip,Signature,Done,1372379.0,Container,zip,2006-05-12T12:17:42,False,,1.0,x-fmt/263,application/zip,ZIP Format,,376,355.0,file:/home/jovyan/work/dca-digitalmaterialcopies/WeingutGantenbein/gramazio-kohler-archiv-server/036_WeingutGantenbein/03_Plaene/02_Vorlagen_Bearth%26Deplazes/060512_Plaene/6a_2006-05-12.zip,/home/jovyan/work/dca-digitalmaterialcopies/WeingutGantenbein/gramazio-kohler-archiv-server/036_WeingutGantenbein/03_Plaene/02_Vorlagen_Bearth&Deplazes/060512_Plaene/6a_2006-05-12.zip,Signature,Done,1372379.0,Container,zip,2006-05-12T15:05:00,False,,1.0,x-fmt/263,application/zip,ZIP Format,
2166,2139.0,file:/home/jovyan/work/dca-digitalmaterialcopies/WeingutGantenbein/P_156_2005_Flaesch_Neubau-Erweiterung-Weingut-Gantenbein/CAD/WP_DEF/temp/sichtmauerwerk/Ausgang/6a_2006-06-27_varA.dxf,/home/jovyan/work/dca-digitalmaterialcopies/WeingutGantenbein/P_156_2005_Flaesch_Neubau-Erweiterung-Weingut-Gantenbein/CAD/WP_DEF/temp/sichtmauerwerk/Ausgang/6a_2006-06-27_varA.dxf,6a_2006-06-27_varA.dxf,Signature,Done,36889202.0,File,dxf,2006-06-27T15:40:30,False,,1.0,fmt/78,image/vnd.dxf,Drawing Interchange File Format (ASCII),2000-2002,393,390.0,zip:file:///home/jovyan/work/dca-digitalmaterialcopies/WeingutGantenbein/gramazio-kohler-archiv-server/036_WeingutGantenbein/03_Plaene/02_Vorlagen_Bearth&Deplazes/060627_Plaene/6a_2006-06-27_varA.zip!/6a_2006-06-27_varA.dxf,zip:/home/jovyan/work/dca-digitalmaterialcopies/WeingutGantenbein/gramazio-kohler-archiv-server/036_WeingutGantenbein/03_Plaene/02_Vorlagen_Bearth&Deplazes/060627_Plaene/6a_2006-06-27_varA.zip!/6a_2006-06-27_varA.dxf,Signature,Done,36889202.0,File,dxf,2006-06-27T17:40:32,False,,1.0,fmt/78,image/vnd.dxf,Drawing Interchange File Format (ASCII),2000-2002
2167,2165.0,zip:file:///home/jovyan/work/dca-digitalmaterialcopies/WeingutGantenbein/P_156_2005_Flaesch_Neubau-Erweiterung-Weingut-Gantenbein/CAD/WP_DEF/temp/sichtmauerwerk/Ausgang/6a_2006-05-12.zip!/6a_2006-02-12.dxf,zip:/home/jovyan/work/dca-digitalmaterialcopies/WeingutGantenbein/P_156_2005_Flaesch_Neubau-Erweiterung-Weingut-Gantenbein/CAD/WP_DEF/temp/sichtmauerwerk/Ausgang/6a_2006-05-12.zip!/6a_2006-02-12.dxf,6a_2006-02-12.dxf,Signature,Done,37599965.0,File,dxf,2006-05-12T14:12:36,False,,1.0,fmt/78,image/vnd.dxf,Drawing Interchange File Format (ASCII),2000-2002,377,376.0,zip:file:///home/jovyan/work/dca-digitalmaterialcopies/WeingutGantenbein/gramazio-kohler-archiv-server/036_WeingutGantenbein/03_Plaene/02_Vorlagen_Bearth&Deplazes/060512_Plaene/6a_2006-05-12.zip!/6a_2006-02-12.dxf,zip:/home/jovyan/work/dca-digitalmaterialcopies/WeingutGantenbein/gramazio-kohler-archiv-server/036_WeingutGantenbein/03_Plaene/02_Vorlagen_Bearth&Deplazes/060512_Plaene/6a_2006-05-12.zip!/6a_2006-02-12.dxf,Signature,Done,37599965.0,File,dxf,2006-05-12T14:12:36,False,,1.0,fmt/78,image/vnd.dxf,Drawing Interchange File Format (ASCII),2000-2002
2168,2139.0,file:/home/jovyan/work/dca-digitalmaterialcopies/WeingutGantenbein/P_156_2005_Flaesch_Neubau-Erweiterung-Weingut-Gantenbein/CAD/WP_DEF/temp/sichtmauerwerk/Ausgang/6a_2006-06-27_varA.zip,/home/jovyan/work/dca-digitalmaterialcopies/WeingutGantenbein/P_156_2005_Flaesch_Neubau-Erweiterung-Weingut-Gantenbein/CAD/WP_DEF/temp/sichtmauerwerk/Ausgang/6a_2006-06-27_varA.zip,6a_2006-06-27_varA.zip,Signature,Done,1342785.0,Container,zip,2006-06-27T15:43:05,False,,1.0,x-fmt/263,application/zip,ZIP Format,,390,375.0,file:/home/jovyan/work/dca-digitalmaterialcopies/WeingutGantenbein/gramazio-kohler-archiv-server/036_WeingutGantenbein/03_Plaene/02_Vorlagen_Bearth%26Deplazes/060627_Plaene/6a_2006-06-27_varA.zip,/home/jovyan/work/dca-digitalmaterialcopies/WeingutGantenbein/gramazio-kohler-archiv-server/036_WeingutGantenbein/03_Plaene/02_Vorlagen_Bearth&Deplazes/060627_Plaene/6a_2006-06-27_varA.zip,Signature,Done,1342785.0,Container,zip,2006-06-28T08:43:00,False,,1.0,x-fmt/263,application/zip,ZIP Format,
2169,2139.0,file:/home/jovyan/work/dca-digitalmaterialcopies/WeingutGantenbein/P_156_2005_Flaesch_Neubau-Erweiterung-Weingut-Gantenbein/CAD/WP_DEF/temp/sichtmauerwerk/Ausgang/6d_smw_2006-05-02.pdf,/home/jovyan/work/dca-digitalmaterialcopies/WeingutGantenbein/P_156_2005_Flaesch_Neubau-Erweiterung-Weingut-Gantenbein/CAD/WP_DEF/temp/sichtmauerwerk/Ausgang/6d_smw_2006-05-02.pdf,6d_smw_2006-05-02.pdf,Signature,Done,73415.0,File,pdf,2006-05-02T12:50:29,False,,1.0,fmt/17,application/pdf,Acrobat PDF 1.3 - Portable Document Format,1.3,389,329.0,file:/home/jovyan/work/dca-digitalmaterialcopies/WeingutGantenbein/gramazio-kohler-archiv-server/036_WeingutGantenbein/03_Plaene/02_Vorlagen_Bearth%26Deplazes/6d_smw_2006-05-02.pdf,/home/jovyan/work/dca-digitalmaterialcopies/WeingutGantenbein/gramazio-kohler-archiv-server/036_WeingutGantenbein/03_Plaene/02_Vorlagen_Bearth&Deplazes/6d_smw_2006-05-02.pdf,Signature,Done,73415.0,File,pdf,2006-05-03T09:14:00,False,,1.0,fmt/17,application/pdf,Acrobat PDF 1.3 - Portable Document Format,1.3
2170,2168.0,zip:file:///home/jovyan/work/dca-digitalmaterialcopies/WeingutGantenbein/P_156_2005_Flaesch_Neubau-Erweiterung-Weingut-Gantenbein/CAD/WP_DEF/temp/sichtmauerwerk/Ausgang/6a_2006-06-27_varA.zip!/6a_2006-06-27_varA.dxf,zip:/home/jovyan/work/dca-digitalmaterialcopies/WeingutGantenbein/P_156_2005_Flaesch_Neubau-Erweiterung-Weingut-Gantenbein/CAD/WP_DEF/temp/sichtmauerwerk/Ausgang/6a_2006-06-27_varA.zip!/6a_2006-06-27_varA.dxf,6a_2006-06-27_varA.dxf,Signature,Done,36889202.0,File,dxf,2006-06-27T17:40:32,False,,1.0,fmt/78,image/vnd.dxf,Drawing Interchange File Format (ASCII),2000-2002,393,390.0,zip:file:///home/jovyan/work/dca-digitalmaterialcopies/WeingutGantenbein/gramazio-kohler-archiv-server/036_WeingutGantenbein/03_Plaene/02_Vorlagen_Bearth&Deplazes/060627_Plaene/6a_2006-06-27_varA.zip!/6a_2006-06-27_varA.dxf,zip:/home/jovyan/work/dca-digitalmaterialcopies/WeingutGantenbein/gramazio-kohler-archiv-server/036_WeingutGantenbein/03_Plaene/02_Vorlagen_Bearth&Deplazes/060627_Plaene/6a_2006-06-27_varA.zip!/6a_2006-06-27_varA.dxf,Signature,Done,36889202.0,File,dxf,2006-06-27T17:40:32,False,,1.0,fmt/78,image/vnd.dxf,Drawing Interchange File Format (ASCII),2000-2002
2171,2139.0,file:/home/jovyan/work/dca-digitalmaterialcopies/WeingutGantenbein/P_156_2005_Flaesch_Neubau-Erweiterung-Weingut-Gantenbein/CAD/WP_DEF/temp/sichtmauerwerk/Ausgang/6a_2006-06-27_varB.dxf,/home/jovyan/work/dca-digitalmaterialcopies/WeingutGantenbein/P_156_2005_Flaesch_Neubau-Erweiterung-Weingut-Gantenbein/CAD/WP_DEF/temp/sichtmauerwerk/Ausgang/6a_2006-06-27_varB.dxf,6a_2006-06-27_varB.dxf,Signature,Done,36879921.0,File,dxf,2006-06-27T15:41:34,False,,1.0,fmt/78,image/vnd.dxf,Drawing Interchange File Format (ASCII),2000-2002,395,394.0,zip:file:///home/jovyan/work/dca-digitalmaterialcopies/WeingutGantenbein/gramazio-kohler-archiv-server/036_WeingutGantenbein/03_Plaene/02_Vorlagen_Bearth&Deplazes/060627_Plaene/6a_2006-06-27_varB.zip!/6a_2006-06-27_varB.dxf,zip:/home/jovyan/work/dca-digitalmaterialcopies/WeingutGantenbein/gramazio-kohler-archiv-server/036_WeingutGantenbein/03_Plaene/02_Vorlagen_Bearth&Deplazes/060627_Plaene/6a_2006-06-27_varB.zip!/6a_2006-06-27_varB.dxf,Signature,Done,36879921.0,File,dxf,2006-06-27T17:41:36,False,,1.0,fmt/78,image/vnd.dxf,Drawing Interchange File Format (ASCII),2000-2002
2172,2139.0,file:/home/jovyan/work/dca-digitalmaterialcopies/WeingutGantenbein/P_156_2005_Flaesch_Neubau-Erweiterung-Weingut-Gantenbein/CAD/WP_DEF/temp/sichtmauerwerk/Ausgang/6d_smw_2006-05-12.pdf,/home/jovyan/work/dca-digitalmaterialcopies/WeingutGantenbein/P_156_2005_Flaesch_Neubau-Erweiterung-Weingut-Gantenbein/CAD/WP_DEF/temp/sichtmauerwerk/Ausgang/6d_smw_2006-05-12.pdf,6d_smw_2006-05-12.pdf,Signature,Done,153278.0,File,pdf,2006-05-12T11:58:54,False,,1.0,fmt/17,application/pdf,Acrobat PDF 1.3 - Portable Document Format,1.3,367,355.0,file:/home/jovyan/work/dca-digitalmaterialcopies/WeingutGantenbein/gramazio-kohler-archiv-server/036_WeingutGantenbein/03_Plaene/02_Vorlagen_Bearth%26Deplazes/060512_Plaene/6d_smw_2006-05-12.pdf,/home/jovyan/work/dca-digitalmaterialcopies/WeingutGantenbein/gramazio-kohler-archiv-server/036_WeingutGantenbein/03_Plaene/02_Vorlagen_Bearth&Deplazes/060512_Plaene/6d_smw_2006-05-12.pdf,Signature,Done,153278.0,File,pdf,2006-05-12T15:06:00,False,,1.0,fmt/17,application/pdf,Acrobat PDF 1.3 - Portable Document Format,1.3
2173,2139.0,file:/home/jovyan/work/dca-digitalmaterialcopies/WeingutGantenbein/P_156_2005_Flaesch_Neubau-Erweiterung-Weingut-Gantenbein/CAD/WP_DEF/temp/sichtmauerwerk/Ausgang/6a_2006-06-27_varB.zip,/home/jovyan/work/dca-digitalmaterialcopies/WeingutGantenbein/P_156_2005_Flaesch_Neubau-Erweiterung-Weingut-Gantenbein/CAD/WP_DEF/temp/sichtmauerwerk/Ausgang/6a_2006-06-27_varB.zip,6a_2006-06-27_varB.zip,Signature,Done,1342554.0,Container,zip,2006-06-27T15:43:15,False,,1.0,x-fmt/263,application/zip,ZIP Format,,394,375.0,file:/home/jovyan/work/dca-digitalmaterialcopies/WeingutGantenbein/gramazio-kohler-archiv-server/036_WeingutGantenbein/03_Plaene/02_Vorlagen_Bearth%26Deplazes/060627_Plaene/6a_2006-06-27_varB.zip,/home/jovyan/work/dca-digitalmaterialcopies/WeingutGantenbein/gramazio-kohler-archiv-server/036_WeingutGantenbein/03_Plaene/02_Vorlagen_Bearth&Deplazes/060627_Plaene/6a_2006-06-27_varB.zip,Signature,Done,1342554.0,Container,zip,2006-06-28T08:43:00,False,,1.0,x-fmt/263,application/zip,ZIP Format,
2174,2139.0,file:/home/jovyan/work/dca-digitalmaterialcopies/WeingutGantenbein/P_156_2005_Flaesch_Neubau-Erweiterung-Weingut-Gantenbein/CAD/WP_DEF/temp/sichtmauerwerk/Ausgang/6a_n_2006-06-09.pdf,/home/jovyan/work/dca-digitalmaterialcopies/WeingutGantenbein/P_156_2005_Flaesch_Neubau-Erweiterung-Weingut-Gantenbein/CAD/WP_DEF/temp/sichtmauerwerk/Ausgang/6a_n_2006-06-09.pdf,6a_n_2006-06-09.pdf,Signature,Done,177553.0,File,pdf,2006-06-09T12:11:44,False,,1.0,fmt/17,application/pdf,Acrobat PDF 1.3 - Portable Document Format,1.3,370,369.0,file:/home/jovyan/work/dca-digitalmaterialcopies/WeingutGantenbein/gramazio-kohler-archiv-server/036_WeingutGantenbein/03_Plaene/02_Vorlagen_Bearth%26Deplazes/060612_Plaene/6a_n_2006-06-09.pdf,/home/jovyan/work/dca-digitalmaterialcopies/WeingutGantenbein/gramazio-kohler-archiv-server/036_WeingutGantenbein/03_Plaene/02_Vorlagen_Bearth&Deplazes/060612_Plaene/6a_n_2006-06-09.pdf,Signature,Done,177553.0,File,pdf,2006-06-12T14:57:00,False,,1.0,fmt/17,application/pdf,Acrobat PDF 1.3 - Portable Document Format,1.3
2176,2173.0,zip:file:///home/jovyan/work/dca-digitalmaterialcopies/WeingutGantenbein/P_156_2005_Flaesch_Neubau-Erweiterung-Weingut-Gantenbein/CAD/WP_DEF/temp/sichtmauerwerk/Ausgang/6a_2006-06-27_varB.zip!/6a_2006-06-27_varB.dxf,zip:/home/jovyan/work/dca-digitalmaterialcopies/WeingutGantenbein/P_156_2005_Flaesch_Neubau-Erweiterung-Weingut-Gantenbein/CAD/WP_DEF/temp/sichtmauerwerk/Ausgang/6a_2006-06-27_varB.zip!/6a_2006-06-27_varB.dxf,6a_2006-06-27_varB.dxf,Signature,Done,36879921.0,File,dxf,2006-06-27T17:41:36,False,,1.0,fmt/78,image/vnd.dxf,Drawing Interchange File Format (ASCII),2000-2002,395,394.0,zip:file:///home/jovyan/work/dca-digitalmaterialcopies/WeingutGantenbein/gramazio-kohler-archiv-server/036_WeingutGantenbein/03_Plaene/02_Vorlagen_Bearth&Deplazes/060627_Plaene/6a_2006-06-27_varB.zip!/6a_2006-06-27_varB.dxf,zip:/home/jovyan/work/dca-digitalmaterialcopies/WeingutGantenbein/gramazio-kohler-archiv-server/036_WeingutGantenbein/03_Plaene/02_Vorlagen_Bearth&Deplazes/060627_Plaene/6a_2006-06-27_varB.zip!/6a_2006-06-27_varB.dxf,Signature,Done,36879921.0,File,dxf,2006-06-27T17:41:36,False,,1.0,fmt/78,image/vnd.dxf,Drawing Interchange File Format (ASCII),2000-2002
2182,2139.0,file:/home/jovyan/work/dca-digitalmaterialcopies/WeingutGantenbein/P_156_2005_Flaesch_Neubau-Erweiterung-Weingut-Gantenbein/CAD/WP_DEF/temp/sichtmauerwerk/Ausgang/6d_smw_2006-06-29.pdf,/home/jovyan/work/dca-digitalmaterialcopies/WeingutGantenbein/P_156_2005_Flaesch_Neubau-Erweiterung-Weingut-Gantenbein/CAD/WP_DEF/temp/sichtmauerwerk/Ausgang/6d_smw_2006-06-29.pdf,6d_smw_2006-06-29.pdf,Signature,Done,137816.0,File,pdf,2006-06-29T07:50:59,False,,1.0,fmt/17,application/pdf,Acrobat PDF 1.3 - Portable Document Format,1.3,384,383.0,file:/home/jovyan/work/dca-digitalmaterialcopies/WeingutGantenbein/gramazio-kohler-archiv-server/036_WeingutGantenbein/03_Plaene/02_Vorlagen_Bearth%26Deplazes/060629_Plaene/6d_smw_2006-06-29.pdf,/home/jovyan/work/dca-digitalmaterialcopies/WeingutGantenbein/gramazio-kohler-archiv-server/036_WeingutGantenbein/03_Plaene/02_Vorlagen_Bearth&Deplazes/060629_Plaene/6d_smw_2006-06-29.pdf,Signature,Done,137816.0,File,pdf,2006-06-29T08:42:00,False,,1.0,fmt/17,application/pdf,Acrobat PDF 1.3 - Portable Document Format,1.3
2184,2139.0,file:/home/jovyan/work/dca-digitalmaterialcopies/WeingutGantenbein/P_156_2005_Flaesch_Neubau-Erweiterung-Weingut-Gantenbein/CAD/WP_DEF/temp/sichtmauerwerk/Ausgang/6d_smw_2006-05-02.dxf,/home/jovyan/work/dca-digitalmaterialcopies/WeingutGantenbein/P_156_2005_Flaesch_Neubau-Erweiterung-Weingut-Gantenbein/CAD/WP_DEF/temp/sichtmauerwerk/Ausgang/6d_smw_2006-05-02.dxf,6d_smw_2006-05-02.dxf,Signature,Done,9828392.0,File,dxf,2006-05-02T12:49:37,False,,1.0,fmt/78,image/vnd.dxf,Drawing Interchange File Format (ASCII),2000-2002,400,329.0,file:/home/jovyan/work/dca-digitalmaterialcopies/WeingutGantenbein/gramazio-kohler-archiv-server/036_WeingutGantenbein/03_Plaene/02_Vorlagen_Bearth%26Deplazes/6d_smw_2006-05-02.dxf,/home/jovyan/work/dca-digitalmaterialcopies/WeingutGantenbein/gramazio-kohler-archiv-server/036_WeingutGantenbein/03_Plaene/02_Vorlagen_Bearth&Deplazes/6d_smw_2006-05-02.dxf,Signature,Done,9828392.0,File,dxf,2006-05-02T12:49:38,False,,1.0,fmt/78,image/vnd.dxf,Drawing Interchange File Format (ASCII),2000-2002
2188,2187.0,zip:file:///home/jovyan/work/dca-digitalmaterialcopies/WeingutGantenbein/P_156_2005_Flaesch_Neubau-Erweiterung-Weingut-Gantenbein/CAD/WP_DEF/temp/sichtmauerwerk/Ausgang/6d_smw_2006-05-02.zip!/6d_smw_2006-05-02.dxf,zip:/home/jovyan/work/dca-digitalmaterialcopies/WeingutGantenbein/P_156_2005_Flaesch_Neubau-Erweiterung-Weingut-Gantenbein/CAD/WP_DEF/temp/sichtmauerwerk/Ausgang/6d_smw_2006-05-02.zip!/6d_smw_2006-05-02.dxf,6d_smw_2006-05-02.dxf,Signature,Done,9828392.0,File,dxf,2006-05-02T14:49:38,False,,1.0,fmt/78,image/vnd.dxf,Drawing Interchange File Format (ASCII),2000-2002,400,329.0,file:/home/jovyan/work/dca-digitalmaterialcopies/WeingutGantenbein/gramazio-kohler-archiv-server/036_WeingutGantenbein/03_Plaene/02_Vorlagen_Bearth%26Deplazes/6d_smw_2006-05-02.dxf,/home/jovyan/work/dca-digitalmaterialcopies/WeingutGantenbein/gramazio-kohler-archiv-server/036_WeingutGantenbein/03_Plaene/02_Vorlagen_Bearth&Deplazes/6d_smw_2006-05-02.dxf,Signature,Done,9828392.0,File,dxf,2006-05-02T12:49:38,False,,1.0,fmt/78,image/vnd.dxf,Drawing Interchange File Format (ASCII),2000-2002
2189,2139.0,file:/home/jovyan/work/dca-digitalmaterialcopies/WeingutGantenbein/P_156_2005_Flaesch_Neubau-Erweiterung-Weingut-Gantenbein/CAD/WP_DEF/temp/sichtmauerwerk/Ausgang/6d_smw_2006-05-12.dxf,/home/jovyan/work/dca-digitalmaterialcopies/WeingutGantenbein/P_156_2005_Flaesch_Neubau-Erweiterung-Weingut-Gantenbein/CAD/WP_DEF/temp/sichtmauerwerk/Ausgang/6d_smw_2006-05-12.dxf,6d_smw_2006-05-12.dxf,Signature,Done,9952436.0,File,dxf,2006-05-12T11:56:07,False,,1.0,fmt/78,image/vnd.dxf,Drawing Interchange File Format (ASCII),2000-2002,380,378.0,zip:file:///home/jovyan/work/dca-digitalmaterialcopies/WeingutGantenbein/gramazio-kohler-archiv-server/036_WeingutGantenbein/03_Plaene/02_Vorlagen_Bearth&Deplazes/060512_Plaene/6d_smw_2006-05-12.zip!/6d_smw_2006-05-12.dxf,zip:/home/jovyan/work/dca-digitalmaterialcopies/WeingutGantenbein/gramazio-kohler-archiv-server/036_WeingutGantenbein/03_Plaene/02_Vorlagen_Bearth&Deplazes/060512_Plaene/6d_smw_2006-05-12.zip!/6d_smw_2006-05-12.dxf,Signature,Done,9952436.0,File,dxf,2006-05-12T13:56:08,False,,1.0,fmt/78,image/vnd.dxf,Drawing Interchange File Format (ASCII),2000-2002
2190,2139.0,file:/home/jovyan/work/dca-digitalmaterialcopies/WeingutGantenbein/P_156_2005_Flaesch_Neubau-Erweiterung-Weingut-Gantenbein/CAD/WP_DEF/temp/sichtmauerwerk/Ausgang/6s_2006-05-12.pdf,/home/jovyan/work/dca-digitalmaterialcopies/WeingutGantenbein/P_156_2005_Flaesch_Neubau-Erweiterung-Weingut-Gantenbein/CAD/WP_DEF/temp/sichtmauerwerk/Ausgang/6s_2006-05-12.pdf,6s_2006-05-12.pdf,Signature,Done,224281.0,File,pdf,2006-05-12T12:18:20,False,,1.0,fmt/17,application/pdf,Acrobat PDF 1.3 - Portable Document Format,1.3,368,355.0,file:/home/jovyan/work/dca-digitalmaterialcopies/WeingutGantenbein/gramazio-kohler-archiv-server/036_WeingutGantenbein/03_Plaene/02_Vorlagen_Bearth%26Deplazes/060512_Plaene/6s_2006-05-12.pdf,/home/jovyan/work/dca-digitalmaterialcopies/WeingutGantenbein/gramazio-kohler-archiv-server/036_WeingutGantenbein/03_Plaene/02_Vorlagen_Bearth&Deplazes/060512_Plaene/6s_2006-05-12.pdf,Signature,Done,224281.0,File,pdf,2006-05-12T15:05:00,False,,1.0,fmt/17,application/pdf,Acrobat PDF 1.3 - Portable Document Format,1.3
2191,2139.0,file:/home/jovyan/work/dca-digitalmaterialcopies/WeingutGantenbein/P_156_2005_Flaesch_Neubau-Erweiterung-Weingut-Gantenbein/CAD/WP_DEF/temp/sichtmauerwerk/Ausgang/6d_smw_2006-05-12.zip,/home/jovyan/work/dca-digitalmaterialcopies/WeingutGantenbein/P_156_2005_Flaesch_Neubau-Erweiterung-Weingut-Gantenbein/CAD/WP_DEF/temp/sichtmauerwerk/Ausgang/6d_smw_2006-05-12.zip,6d_smw_2006-05-12.zip,Signature,Done,447501.0,Container,zip,2006-05-12T11:57:45,False,,1.0,x-fmt/263,application/zip,ZIP Format,,378,355.0,file:/home/jovyan/work/dca-digitalmaterialcopies/WeingutGantenbein/gramazio-kohler-archiv-server/036_WeingutGantenbein/03_Plaene/02_Vorlagen_Bearth%26Deplazes/060512_Plaene/6d_smw_2006-05-12.zip,/home/jovyan/work/dca-digitalmaterialcopies/WeingutGantenbein/gramazio-kohler-archiv-server/036_WeingutGantenbein/03_Plaene/02_Vorlagen_Bearth&Deplazes/060512_Plaene/6d_smw_2006-05-12.zip,Signature,Done,447501.0,Container,zip,2006-05-12T15:06:00,False,,1.0,x-fmt/263,application/zip,ZIP Format,
2192,2191.0,zip:file:///home/jovyan/work/dca-digitalmaterialcopies/WeingutGantenbein/P_156_2005_Flaesch_Neubau-Erweiterung-Weingut-Gantenbein/CAD/WP_DEF/temp/sichtmauerwerk/Ausgang/6d_smw_2006-05-12.zip!/6d_smw_2006-05-12.dxf,zip:/home/jovyan/work/dca-digitalmaterialcopies/WeingutGantenbein/P_156_2005_Flaesch_Neubau-Erweiterung-Weingut-Gantenbein/CAD/WP_DEF/temp/sichtmauerwerk/Ausgang/6d_smw_2006-05-12.zip!/6d_smw_2006-05-12.dxf,6d_smw_2006-05-12.dxf,Signature,Done,9952436.0,File,dxf,2006-05-12T13:56:08,False,,1.0,fmt/78,image/vnd.dxf,Drawing Interchange File Format (ASCII),2000-2002,380,378.0,zip:file:///home/jovyan/work/dca-digitalmaterialcopies/WeingutGantenbein/gramazio-kohler-archiv-server/036_WeingutGantenbein/03_Plaene/02_Vorlagen_Bearth&Deplazes/060512_Plaene/6d_smw_2006-05-12.zip!/6d_smw_2006-05-12.dxf,zip:/home/jovyan/work/dca-digitalmaterialcopies/WeingutGantenbein/gramazio-kohler-archiv-server/036_WeingutGantenbein/03_Plaene/02_Vorlagen_Bearth&Deplazes/060512_Plaene/6d_smw_2006-05-12.zip!/6d_smw_2006-05-12.dxf,Signature,Done,9952436.0,File,dxf,2006-05-12T13:56:08,False,,1.0,fmt/78,image/vnd.dxf,Drawing Interchange File Format (ASCII),2000-2002
2197,2139.0,file:/home/jovyan/work/dca-digitalmaterialcopies/WeingutGantenbein/P_156_2005_Flaesch_Neubau-Erweiterung-Weingut-Gantenbein/CAD/WP_DEF/temp/sichtmauerwerk/Ausgang/6d_smw_2006-06-29.dxf,/home/jovyan/work/dca-digitalmaterialcopies/WeingutGantenbein/P_156_2005_Flaesch_Neubau-Erweiterung-Weingut-Gantenbein/CAD/WP_DEF/temp/sichtmauerwerk/Ausgang/6d_smw_2006-06-29.dxf,6d_smw_2006-06-29.dxf,Signature,Done,8303360.0,File,dxf,2006-06-29T07:50:16,False,,1.0,fmt/78,image/vnd.dxf,Drawing Interchange File Format (ASCII),2000-2002,397,396.0,zip:file:///home/jovyan/work/dca-digitalmaterialcopies/WeingutGantenbein/gramazio-kohler-archiv-server/036_WeingutGantenbein/03_Plaene/02_Vorlagen_Bearth&Deplazes/060629_Plaene/6d_smw_2006-06-29.zip!/6d_smw_2006-06-29.dxf,zip:/home/jovyan/work/dca-digitalmaterialcopies/WeingutGantenbein/gramazio-kohler-archiv-server/036_WeingutGantenbein/03_Plaene/02_Vorlagen_Bearth&Deplazes/060629_Plaene/6d_smw_2006-06-29.zip!/6d_smw_2006-06-29.dxf,Signature,Done,8303360.0,File,dxf,2006-06-29T09:50:18,False,,1.0,fmt/78,image/vnd.dxf,Drawing Interchange File Format (ASCII),2000-2002
2198,2139.0,file:/home/jovyan/work/dca-digitalmaterialcopies/WeingutGantenbein/P_156_2005_Flaesch_Neubau-Erweiterung-Weingut-Gantenbein/CAD/WP_DEF/temp/sichtmauerwerk/Ausgang/6d_smw_2006-06-29.zip,/home/jovyan/work/dca-digitalmaterialcopies/WeingutGantenbein/P_156_2005_Flaesch_Neubau-Erweiterung-Weingut-Gantenbein/CAD/WP_DEF/temp/sichtmauerwerk/Ausgang/6d_smw_2006-06-29.zip,6d_smw_2006-06-29.zip,Signature,Done,355387.0,Container,zip,2006-06-29T08:01:03,False,,1.0,x-fmt/263,application/zip,ZIP Format,,396,383.0,file:/home/jovyan/work/dca-digitalmaterialcopies/WeingutGantenbein/gramazio-kohler-archiv-server/036_WeingutGantenbein/03_Plaene/02_Vorlagen_Bearth%26Deplazes/060629_Plaene/6d_smw_2006-06-29.zip,/home/jovyan/work/dca-digitalmaterialcopies/WeingutGantenbein/gramazio-kohler-archiv-server/036_WeingutGantenbein/03_Plaene/02_Vorlagen_Bearth&Deplazes/060629_Plaene/6d_smw_2006-06-29.zip,Signature,Done,355387.0,Container,zip,2009-08-12T00:23:32,False,,1.0,x-fmt/263,application/zip,ZIP Format,
2200,2198.0,zip:file:///home/jovyan/work/dca-digitalmaterialcopies/WeingutGantenbein/P_156_2005_Flaesch_Neubau-Erweiterung-Weingut-Gantenbein/CAD/WP_DEF/temp/sichtmauerwerk/Ausgang/6d_smw_2006-06-29.zip!/6d_smw_2006-06-29.dxf,zip:/home/jovyan/work/dca-digitalmaterialcopies/WeingutGantenbein/P_156_2005_Flaesch_Neubau-Erweiterung-Weingut-Gantenbein/CAD/WP_DEF/temp/sichtmauerwerk/Ausgang/6d_smw_2006-06-29.zip!/6d_smw_2006-06-29.dxf,6d_smw_2006-06-29.dxf,Signature,Done,8303360.0,File,dxf,2006-06-29T09:50:18,False,,1.0,fmt/78,image/vnd.dxf,Drawing Interchange File Format (ASCII),2000-2002,397,396.0,zip:file:///home/jovyan/work/dca-digitalmaterialcopies/WeingutGantenbein/gramazio-kohler-archiv-server/036_WeingutGantenbein/03_Plaene/02_Vorlagen_Bearth&Deplazes/060629_Plaene/6d_smw_2006-06-29.zip!/6d_smw_2006-06-29.dxf,zip:/home/jovyan/work/dca-digitalmaterialcopies/WeingutGantenbein/gramazio-kohler-archiv-server/036_WeingutGantenbein/03_Plaene/02_Vorlagen_Bearth&Deplazes/060629_Plaene/6d_smw_2006-06-29.zip!/6d_smw_2006-06-29.dxf,Signature,Done,8303360.0,File,dxf,2006-06-29T09:50:18,False,,1.0,fmt/78,image/vnd.dxf,Drawing Interchange File Format (ASCII),2000-2002
2201,2139.0,file:/home/jovyan/work/dca-digitalmaterialcopies/WeingutGantenbein/P_156_2005_Flaesch_Neubau-Erweiterung-Weingut-Gantenbein/CAD/WP_DEF/temp/sichtmauerwerk/Ausgang/6s_2006-05-12.dxf,/home/jovyan/work/dca-digitalmaterialcopies/WeingutGantenbein/P_156_2005_Flaesch_Neubau-Erweiterung-Weingut-Gantenbein/CAD/WP_DEF/temp/sichtmauerwerk/Ausgang/6s_2006-05-12.dxf,6s_2006-05-12.dxf,Signature,Done,23057184.0,File,dxf,2006-05-12T12:17:13,False,,1.0,fmt/78,image/vnd.dxf,Drawing Interchange File Format (ASCII),2000-2002,382,381.0,zip:file:///home/jovyan/work/dca-digitalmaterialcopies/WeingutGantenbein/gramazio-kohler-archiv-server/036_WeingutGantenbein/03_Plaene/02_Vorlagen_Bearth&Deplazes/060512_Plaene/6s_2006-05-12.zip!/6s_2006-05-12.dxf,zip:/home/jovyan/work/dca-digitalmaterialcopies/WeingutGantenbein/gramazio-kohler-archiv-server/036_WeingutGantenbein/03_Plaene/02_Vorlagen_Bearth&Deplazes/060512_Plaene/6s_2006-05-12.zip!/6s_2006-05-12.dxf,Signature,Done,23057184.0,File,dxf,2006-05-12T14:17:14,False,,1.0,fmt/78,image/vnd.dxf,Drawing Interchange File Format (ASCII),2000-2002
2202,2139.0,file:/home/jovyan/work/dca-digitalmaterialcopies/WeingutGantenbein/P_156_2005_Flaesch_Neubau-Erweiterung-Weingut-Gantenbein/CAD/WP_DEF/temp/sichtmauerwerk/Ausgang/6s_2006-05-12.zip,/home/jovyan/work/dca-digitalmaterialcopies/WeingutGantenbein/P_156_2005_Flaesch_Neubau-Erweiterung-Weingut-Gantenbein/CAD/WP_DEF/temp/sichtmauerwerk/Ausgang/6s_2006-05-12.zip,6s_2006-05-12.zip,Signature,Done,860418.0,Container,zip,2006-05-12T12:17:31,False,,1.0,x-fmt/263,application/zip,ZIP Format,,381,355.0,file:/home/jovyan/work/dca-digitalmaterialcopies/WeingutGantenbein/gramazio-kohler-archiv-server/036_WeingutGantenbein/03_Plaene/02_Vorlagen_Bearth%26Deplazes/060512_Plaene/6s_2006-05-12.zip,/home/jovyan/work/dca-digitalmaterialcopies/WeingutGantenbein/gramazio-kohler-archiv-server/036_WeingutGantenbein/03_Plaene/02_Vorlagen_Bearth&Deplazes/060512_Plaene/6s_2006-05-12.zip,Signature,Done,860418.0,Container,zip,2006-05-12T15:05:00,False,,1.0,x-fmt/263,application/zip,ZIP Format,
2203,2139.0,file:/home/jovyan/work/dca-digitalmaterialcopies/WeingutGantenbein/P_156_2005_Flaesch_Neubau-Erweiterung-Weingut-Gantenbein/CAD/WP_DEF/temp/sichtmauerwerk/Ausgang/6sit_2006-03-17.dxf,/home/jovyan/work/dca-digitalmaterialcopies/WeingutGantenbein/P_156_2005_Flaesch_Neubau-Erweiterung-Weingut-Gantenbein/CAD/WP_DEF/temp/sichtmauerwerk/Ausgang/6sit_2006-03-17.dxf,6sit_2006-03-17.dxf,Signature,Done,3993418.0,File,dxf,2006-06-26T08:58:23,False,,1.0,fmt/78,image/vnd.dxf,Drawing Interchange File Format (ASCII),2000-2002,402,329.0,file:/home/jovyan/work/dca-digitalmaterialcopies/WeingutGantenbein/gramazio-kohler-archiv-server/036_WeingutGantenbein/03_Plaene/02_Vorlagen_Bearth%26Deplazes/6sit_2006-03-17.dxf,/home/jovyan/work/dca-digitalmaterialcopies/WeingutGantenbein/gramazio-kohler-archiv-server/036_WeingutGantenbein/03_Plaene/02_Vorlagen_Bearth&Deplazes/6sit_2006-03-17.dxf,Signature,Done,3993418.0,File,dxf,2006-06-26T08:58:24,False,,1.0,fmt/78,image/vnd.dxf,Drawing Interchange File Format (ASCII),2000-2002
2204,2202.0,zip:file:///home/jovyan/work/dca-digitalmaterialcopies/WeingutGantenbein/P_156_2005_Flaesch_Neubau-Erweiterung-Weingut-Gantenbein/CAD/WP_DEF/temp/sichtmauerwerk/Ausgang/6s_2006-05-12.zip!/6s_2006-05-12.dxf,zip:/home/jovyan/work/dca-digitalmaterialcopies/WeingutGantenbein/P_156_2005_Flaesch_Neubau-Erweiterung-Weingut-Gantenbein/CAD/WP_DEF/temp/sichtmauerwerk/Ausgang/6s_2006-05-12.zip!/6s_2006-05-12.dxf,6s_2006-05-12.dxf,Signature,Done,23057184.0,File,dxf,2006-05-12T14:17:14,False,,1.0,fmt/78,image/vnd.dxf,Drawing Interchange File Format (ASCII),2000-2002,382,381.0,zip:file:///home/jovyan/work/dca-digitalmaterialcopies/WeingutGantenbein/gramazio-kohler-archiv-server/036_WeingutGantenbein/03_Plaene/02_Vorlagen_Bearth&Deplazes/060512_Plaene/6s_2006-05-12.zip!/6s_2006-05-12.dxf,zip:/home/jovyan/work/dca-digitalmaterialcopies/WeingutGantenbein/gramazio-kohler-archiv-server/036_WeingutGantenbein/03_Plaene/02_Vorlagen_Bearth&Deplazes/060512_Plaene/6s_2006-05-12.zip!/6s_2006-05-12.dxf,Signature,Done,23057184.0,File,dxf,2006-05-12T14:17:14,False,,1.0,fmt/78,image/vnd.dxf,Drawing Interchange File Format (ASCII),2000-2002
2206,2205.0,zip:file:///home/jovyan/work/dca-digitalmaterialcopies/WeingutGantenbein/P_156_2005_Flaesch_Neubau-Erweiterung-Weingut-Gantenbein/CAD/WP_DEF/temp/sichtmauerwerk/Ausgang/6sit_2006-03-17.zip!/6sit_2006-03-17.dxf,zip:/home/jovyan/work/dca-digitalmaterialcopies/WeingutGantenbein/P_156_2005_Flaesch_Neubau-Erweiterung-Weingut-Gantenbein/CAD/WP_DEF/temp/sichtmauerwerk/Ausgang/6sit_2006-03-17.zip!/6sit_2006-03-17.dxf,6sit_2006-03-17.dxf,Signature,Done,3993418.0,File,dxf,2006-06-26T10:58:24,False,,1.0,fmt/78,image/vnd.dxf,Drawing Interchange File Format (ASCII),2000-2002,402,329.0,file:/home/jovyan/work/dca-digitalmaterialcopies/WeingutGantenbein/gramazio-kohler-archiv-server/036_WeingutGantenbein/03_Plaene/02_Vorlagen_Bearth%26Deplazes/6sit_2006-03-17.dxf,/home/jovyan/work/dca-digitalmaterialcopies/WeingutGantenbein/gramazio-kohler-archiv-server/036_WeingutGantenbein/03_Plaene/02_Vorlagen_Bearth&Deplazes/6sit_2006-03-17.dxf,Signature,Done,3993418.0,File,dxf,2006-06-26T08:58:24,False,,1.0,fmt/78,image/vnd.dxf,Drawing Interchange File Format (ASCII),2000-2002
2252,2251.0,file:/home/jovyan/work/dca-digitalmaterialcopies/WeingutGantenbein/P_156_2005_Flaesch_Neubau-Erweiterung-Weingut-Gantenbein/CAD/WP_DEF/temp/tortec/6d_t06_2006-06-19.pdf,/home/jovyan/work/dca-digitalmaterialcopies/WeingutGantenbein/P_156_2005_Flaesch_Neubau-Erweiterung-Weingut-Gantenbein/CAD/WP_DEF/temp/tortec/6d_t06_2006-06-19.pdf,6d_t06_2006-06-19.pdf,Signature,Done,189620.0,File,pdf,2006-06-21T06:34:04,False,,1.0,fmt/17,application/pdf,Acrobat PDF 1.3 - Portable Document Format,1.3,373,372.0,file:/home/jovyan/work/dca-digitalmaterialcopies/WeingutGantenbein/gramazio-kohler-archiv-server/036_WeingutGantenbein/03_Plaene/02_Vorlagen_Bearth%26Deplazes/060621_Plaene/6d_t06_2006-06-19.pdf,/home/jovyan/work/dca-digitalmaterialcopies/WeingutGantenbein/gramazio-kohler-archiv-server/036_WeingutGantenbein/03_Plaene/02_Vorlagen_Bearth&Deplazes/060621_Plaene/6d_t06_2006-06-19.pdf,Signature,Done,189620.0,File,pdf,2006-06-24T11:46:00,False,,1.0,fmt/17,application/pdf,Acrobat PDF 1.3 - Portable Document Format,1.3
2253,2251.0,file:/home/jovyan/work/dca-digitalmaterialcopies/WeingutGantenbein/P_156_2005_Flaesch_Neubau-Erweiterung-Weingut-Gantenbein/CAD/WP_DEF/temp/tortec/6d_t07_2006-06-19.pdf,/home/jovyan/work/dca-digitalmaterialcopies/WeingutGantenbein/P_156_2005_Flaesch_Neubau-Erweiterung-Weingut-Gantenbein/CAD/WP_DEF/temp/tortec/6d_t07_2006-06-19.pdf,6d_t07_2006-06-19.pdf,Signature,Done,177104.0,File,pdf,2006-06-21T06:33:07,False,,1.0,fmt/17,application/pdf,Acrobat PDF 1.3 - Portable Document Format,1.3,374,372.0,file:/home/jovyan/work/dca-digitalmaterialcopies/WeingutGantenbein/gramazio-kohler-archiv-server/036_WeingutGantenbein/03_Plaene/02_Vorlagen_Bearth%26Deplazes/060621_Plaene/6d_t07_2006-06-19.pdf,/home/jovyan/work/dca-digitalmaterialcopies/WeingutGantenbein/gramazio-kohler-archiv-server/036_WeingutGantenbein/03_Plaene/02_Vorlagen_Bearth&Deplazes/060621_Plaene/6d_t07_2006-06-19.pdf,Signature,Done,177104.0,File,pdf,2006-06-24T11:46:00,False,,1.0,fmt/17,application/pdf,Acrobat PDF 1.3 - Portable Document Format,1.3
2261,2251.0,file:/home/jovyan/work/dca-digitalmaterialcopies/WeingutGantenbein/P_156_2005_Flaesch_Neubau-Erweiterung-Weingut-Gantenbein/CAD/WP_DEF/temp/tortec/6d_t06_2006-06-19.dxf,/home/jovyan/work/dca-digitalmaterialcopies/WeingutGantenbein/P_156_2005_Flaesch_Neubau-Erweiterung-Weingut-Gantenbein/CAD/WP_DEF/temp/tortec/6d_t06_2006-06-19.dxf,6d_t06_2006-06-19.dxf,Signature,Done,5549710.0,File,dxf,2006-06-21T06:31:51,False,,1.0,fmt/78,image/vnd.dxf,Drawing Interchange File Format (ASCII),2000-2002,386,385.0,zip:file:///home/jovyan/work/dca-digitalmaterialcopies/WeingutGantenbein/gramazio-kohler-archiv-server/036_WeingutGantenbein/03_Plaene/02_Vorlagen_Bearth&Deplazes/060621_Plaene/6d_t06_2006-06-19.zip!/6d_t06_2006-06-19.dxf,zip:/home/jovyan/work/dca-digitalmaterialcopies/WeingutGantenbein/gramazio-kohler-archiv-server/036_WeingutGantenbein/03_Plaene/02_Vorlagen_Bearth&Deplazes/060621_Plaene/6d_t06_2006-06-19.zip!/6d_t06_2006-06-19.dxf,Signature,Done,5549693.0,File,dxf,2006-06-21T08:18:04,False,,1.0,fmt/78,image/vnd.dxf,Drawing Interchange File Format (ASCII),2000-2002
2262,2251.0,file:/home/jovyan/work/dca-digitalmaterialcopies/WeingutGantenbein/P_156_2005_Flaesch_Neubau-Erweiterung-Weingut-Gantenbein/CAD/WP_DEF/temp/tortec/6d_t06_2006-06-19.zip,/home/jovyan/work/dca-digitalmaterialcopies/WeingutGantenbein/P_156_2005_Flaesch_Neubau-Erweiterung-Weingut-Gantenbein/CAD/WP_DEF/temp/tortec/6d_t06_2006-06-19.zip,6d_t06_2006-06-19.zip,Signature,Done,321805.0,Container,zip,2006-06-21T06:19:12,False,,1.0,x-fmt/263,application/zip,ZIP Format,,385,372.0,file:/home/jovyan/work/dca-digitalmaterialcopies/WeingutGantenbein/gramazio-kohler-archiv-server/036_WeingutGantenbein/03_Plaene/02_Vorlagen_Bearth%26Deplazes/060621_Plaene/6d_t06_2006-06-19.zip,/home/jovyan/work/dca-digitalmaterialcopies/WeingutGantenbein/gramazio-kohler-archiv-server/036_WeingutGantenbein/03_Plaene/02_Vorlagen_Bearth&Deplazes/060621_Plaene/6d_t06_2006-06-19.zip,Signature,Done,321805.0,Container,zip,2006-06-24T11:46:00,False,,1.0,x-fmt/263,application/zip,ZIP Format,
2263,2251.0,file:/home/jovyan/work/dca-digitalmaterialcopies/WeingutGantenbein/P_156_2005_Flaesch_Neubau-Erweiterung-Weingut-Gantenbein/CAD/WP_DEF/temp/tortec/6d_t07_2006-06-19.dxf,/home/jovyan/work/dca-digitalmaterialcopies/WeingutGantenbein/P_156_2005_Flaesch_Neubau-Erweiterung-Weingut-Gantenbein/CAD/WP_DEF/temp/tortec/6d_t07_2006-06-19.dxf,6d_t07_2006-06-19.dxf,Signature,Done,4617061.0,File,dxf,2006-06-21T06:32:31,False,,1.0,fmt/78,image/vnd.dxf,Drawing Interchange File Format (ASCII),2000-2002,388,387.0,zip:file:///home/jovyan/work/dca-digitalmaterialcopies/WeingutGantenbein/gramazio-kohler-archiv-server/036_WeingutGantenbein/03_Plaene/02_Vorlagen_Bearth&Deplazes/060621_Plaene/6d_t07_2006-06-19.zip!/6d_t07_2006-06-19.dxf,zip:/home/jovyan/work/dca-digitalmaterialcopies/WeingutGantenbein/gramazio-kohler-archiv-server/036_WeingutGantenbein/03_Plaene/02_Vorlagen_Bearth&Deplazes/060621_Plaene/6d_t07_2006-06-19.zip!/6d_t07_2006-06-19.dxf,Signature,Done,4617061.0,File,dxf,2006-06-21T08:18:20,False,,1.0,fmt/78,image/vnd.dxf,Drawing Interchange File Format (ASCII),2000-2002
2264,2262.0,zip:file:///home/jovyan/work/dca-digitalmaterialcopies/WeingutGantenbein/P_156_2005_Flaesch_Neubau-Erweiterung-Weingut-Gantenbein/CAD/WP_DEF/temp/tortec/6d_t06_2006-06-19.zip!/6d_t06_2006-06-19.dxf,zip:/home/jovyan/work/dca-digitalmaterialcopies/WeingutGantenbein/P_156_2005_Flaesch_Neubau-Erweiterung-Weingut-Gantenbein/CAD/WP_DEF/temp/tortec/6d_t06_2006-06-19.zip!/6d_t06_2006-06-19.dxf,6d_t06_2006-06-19.dxf,Signature,Done,5549693.0,File,dxf,2006-06-21T08:18:04,False,,1.0,fmt/78,image/vnd.dxf,Drawing Interchange File Format (ASCII),2000-2002,386,385.0,zip:file:///home/jovyan/work/dca-digitalmaterialcopies/WeingutGantenbein/gramazio-kohler-archiv-server/036_WeingutGantenbein/03_Plaene/02_Vorlagen_Bearth&Deplazes/060621_Plaene/6d_t06_2006-06-19.zip!/6d_t06_2006-06-19.dxf,zip:/home/jovyan/work/dca-digitalmaterialcopies/WeingutGantenbein/gramazio-kohler-archiv-server/036_WeingutGantenbein/03_Plaene/02_Vorlagen_Bearth&Deplazes/060621_Plaene/6d_t06_2006-06-19.zip!/6d_t06_2006-06-19.dxf,Signature,Done,5549693.0,File,dxf,2006-06-21T08:18:04,False,,1.0,fmt/78,image/vnd.dxf,Drawing Interchange File Format (ASCII),2000-2002
2265,2251.0,file:/home/jovyan/work/dca-digitalmaterialcopies/WeingutGantenbein/P_156_2005_Flaesch_Neubau-Erweiterung-Weingut-Gantenbein/CAD/WP_DEF/temp/tortec/6d_t07_2006-06-19.zip,/home/jovyan/work/dca-digitalmaterialcopies/WeingutGantenbein/P_156_2005_Flaesch_Neubau-Erweiterung-Weingut-Gantenbein/CAD/WP_DEF/temp/tortec/6d_t07_2006-06-19.zip,6d_t07_2006-06-19.zip,Signature,Done,322451.0,Container,zip,2006-06-21T06:19:23,False,,1.0,x-fmt/263,application/zip,ZIP Format,,387,372.0,file:/home/jovyan/work/dca-digitalmaterialcopies/WeingutGantenbein/gramazio-kohler-archiv-server/036_WeingutGantenbein/03_Plaene/02_Vorlagen_Bearth%26Deplazes/060621_Plaene/6d_t07_2006-06-19.zip,/home/jovyan/work/dca-digitalmaterialcopies/WeingutGantenbein/gramazio-kohler-archiv-server/036_WeingutGantenbein/03_Plaene/02_Vorlagen_Bearth&Deplazes/060621_Plaene/6d_t07_2006-06-19.zip,Signature,Done,322451.0,Container,zip,2006-06-24T11:46:00,False,,1.0,x-fmt/263,application/zip,ZIP Format,
2266,2265.0,zip:file:///home/jovyan/work/dca-digitalmaterialcopies/WeingutGantenbein/P_156_2005_Flaesch_Neubau-Erweiterung-Weingut-Gantenbein/CAD/WP_DEF/temp/tortec/6d_t07_2006-06-19.zip!/6d_t07_2006-06-19.dxf,zip:/home/jovyan/work/dca-digitalmaterialcopies/WeingutGantenbein/P_156_2005_Flaesch_Neubau-Erweiterung-Weingut-Gantenbein/CAD/WP_DEF/temp/tortec/6d_t07_2006-06-19.zip!/6d_t07_2006-06-19.dxf,6d_t07_2006-06-19.dxf,Signature,Done,4617061.0,File,dxf,2006-06-21T08:18:20,False,,1.0,fmt/78,image/vnd.dxf,Drawing Interchange File Format (ASCII),2000-2002,388,387.0,zip:file:///home/jovyan/work/dca-digitalmaterialcopies/WeingutGantenbein/gramazio-kohler-archiv-server/036_WeingutGantenbein/03_Plaene/02_Vorlagen_Bearth&Deplazes/060621_Plaene/6d_t07_2006-06-19.zip!/6d_t07_2006-06-19.dxf,zip:/home/jovyan/work/dca-digitalmaterialcopies/WeingutGantenbein/gramazio-kohler-archiv-server/036_WeingutGantenbein/03_Plaene/02_Vorlagen_Bearth&Deplazes/060621_Plaene/6d_t07_2006-06-19.zip!/6d_t07_2006-06-19.dxf,Signature,Done,4617061.0,File,dxf,2006-06-21T08:18:20,False,,1.0,fmt/78,image/vnd.dxf,Drawing Interchange File Format (ASCII),2000-2002
